Workbook

Sheet Neuberechnung Einzelkosten
A1: Neuberechnung Einzelkosten Fenstertausch — Tops 2–11
A2: Methode: Liebmarkt-Gesamtbetrag − Rücklagenentnahme = Restbetrag, anteilsmäßig auf die 10 teilnehmenden Tops (Top 2–11) aufgeteilt.
A3: Top 1 und Top 12 nehmen am Einzelfenstertausch nicht teil → keine Beteiligung an dieser Aufteilung. Sie sind im Blatt „Allgemeinbereich" enthalten.
A5: Eingaben (gelb = anpassbar)
A6: Gesamtbetrag Liebmarkt (brutto) | D6: 113747.21
A7: Entnahme aus Rücklagen | D7: 88000
A8: Summe Mindestanteile der Teilnehmer (Top 2–11) | D8: 714
A9: Restbetrag zur Aufteilung (D6 minus D7) | D9: =D6-D7 -> 25747.21
A12: Top | B12: Nutzungsart | C12: Eigentümer | D12: Mindestanteil (/886) | E12: Anteil unter den 10 Teilnehmern | F12: Liebmarkt Rechnung Nr. | G12: Rechnungs- datum | H12: Einzelkosten (brutto) [Info] | I12: Neue Vorschreibung (= Anteil × Restbetrag) | J12: Alte Sonder- vorschreibung | K12: Rückzahlung (+) / Nachforderung (−)
A13: 1 | B13: Wohnung | C13: Dr. Dehchamani Dadbeh (siehe Blatt „Allgemeinbereich“) | D13: 87 | E13: — | F13: — | G13: — | H13: — | I13: — | J13: — | K13: —
A14: 2 | B14: Wohnung | C14: Klaftenegger Katharina | D14: 71 | E14: =D14/$D$8 -> 0.099439776 | F14: 23796064 | G14: 26.02.2026 | H14: 3963.49 | I14: =E14*$D$9 -> 2560.2968 | J14: 5874.19 | K14: =J14-I14 -> 3313.8932
A15: 3 | B15: Wohnung | C15: Dr. Klaftenegger Ilona | D15: 71 | E15: =D15/$D$8 -> 0.099439776 | F15: 23799562 | G15: 03.03.2026 | H15: 4091.03 | I15: =E15*$D$9 -> 2560.2968 | J15: 5874.19 | K15: =J15-I15 -> 3313.8932
A16: 4 | B16: Wohnung | C16: Girtler Eveline | D16: 87 | E16: =D16/$D$8 -> 0.12184874 | F16: 23796070 | G16: 26.02.2026 | H16: 6166.37 | I16: =E16*$D$9 -> 3137.2651 | J16: 10545.19 | K16: =J16-I16 -> 7407.9249
A17: 5 | B17: Wohnung | C17: Tanil Johanna | D17: 79 | E17: =D17/$D$8 -> 0.11064426 | F17: 23867312 | G17: 12.05.2026 | H17: 6852.47 | I17: =E17*$D$9 -> 2848.7809 | J17: 6536.07 | K17: =J17-I17 -> 3687.2891
A18: 6 | B18: Wohnung/Lager | C18: Schöggl Christa & Schöggl Franz | D18: 64 | E18: =D18/$D$8 -> 0.089635854 | F18: 23774424 | G18: 20.01.2026 | H18: 4827.49 | I18: =E18*$D$9 -> 2307.8732 | J18: 7757.38 | K18: =J18-I18 -> 5449.5068
A19: 7 | B19: Wohnung | C19: Dr. Birk Steffen / Birk Birgit | D19: 59 | E19: =D19/$D$8 -> 0.082633053 | F19: 23799547 | G19: 03.03.2026 | H19: 5104.5 | I19: =E19*$D$9 -> 2127.5706 | J19: 7151.34 | K19: =J19-I19 -> 5023.7694
A20: 8 | B20: Wohnung | C20: Adamek Veronika und Werner | D20: 79 | E20: =D20/$D$8 -> 0.11064426 | F20: 23799560 | G20: 03.03.2026 | H20: 7174.07 | I20: =E20*$D$9 -> 2848.7809 | J20: 6536.07 | K20: =J20-I20 -> 3687.2891
A21: 9 | B21: Wohnung | C21: Univ.-Prof. Roller-Wirnsberger Dr. Regina | D21: 80 | E21: =D21/$D$8 -> 0.11204482 | F21: 23799557 | G21: 03.03.2026 | H21: 5339.05 | I21: =E21*$D$9 -> 2884.8415 | J21: 6618.8 | K21: =J21-I21 -> 3733.9585
A22: 10 | B22: Wohnung | C22: Dr. Neumeister Peter | D22: 62 | E22: =D22/$D$8 -> 0.086834734 | F22: 23806953 | G22: 12.03.2026 | H22: 3975.54 | I22: =E22*$D$9 -> 2235.7521 | J22: 5000 | K22: =J22-I22 -> 2764.2479
A23: 11 | B23: Wohnung | C23: Mag. (FH) Brunnader Anita | D23: 62 | E23: =D23/$D$8 -> 0.086834734 | F23: 23799545 | G23: 03.03.2026 | H23: 3975.53 | I23: =E23*$D$9 -> 2235.7521 | J23: 7514.96 | K23: =J23-I23 -> 5279.2079
A24: 12 | B24: Wohnung/Lager | C24: Jafferji Marita (siehe Blatt „Allgemeinbereich“) | D24: 85 | E24: — | F24: — | G24: — | H24: — | I24: — | J24: — | K24: —
A25: Summe (nur Teilnehmer) | D25: =D8 -> 714 | E25: =SUMIF(E13:E24,">0") -> 1 | H25: =SUMIF(H13:H24,">=0") -> 51469.54 | I25: =SUMIF(I13:I24,">=0") -> 25747.21 | J25: =SUMIF(J13:J24,">=0") -> 69408.19 | K25: =SUMIF(K13:K24,">=0") -> 43660.98
A27: Erläuterungen
A28: • Restbetrag = Gesamtbetrag Liebmarkt − Entnahme Rücklagen = 113.747,21 − 88.000 = 25.747,21 €.
A29: • Anteil unter den 10 Teilnehmern = Mindestanteil / Summe Mindestanteile der Teilnehmer (= 714).
A30: • Neue Vorschreibung pro Teilnehmer = Anteil × 25.747,21 €.
A31: • Rückzahlung = Alte Sondervorschreibung − Neue Vorschreibung. Positiv = Auszahlung an Eigentümer; negativ = Nachforderung.
A32: • Top 1 (Dehchamani) und Top 12 (Jafferji) nehmen am Einzelfenstertausch nicht teil und sind in dieser Aufteilung nicht enthalten.
A33: • Ihr Anteil am Allgemeinbereich (Stiegenhausfenster + Hauseingangstüre) wird im separaten Blatt „Allgemeinbereich“ ausgewiesen.

Sheet Allgemeinbereich
A1: Kostenaufstellung Allgemeinbereich (Stiegenhausfenster + Hauseingangstüre)
A2: Anteilsmäßige Aufteilung auf alle 12 Tops nach Mindestanteil lt. WEG / 886. Hier sind auch Top 1 und Top 12 enthalten.
A4: Allgemeinbereich (brutto) | D4: 12067.16
A5: Quelle: HV-Angebotswert Firma Liebmarkt (eine separate Rechnung liegt uns nicht vor)
A7: Top | B7: Nutzungsart | C7: Eigentümer | D7: Mindestanteil (/886) | E7: Anteil % | F7: Anteil Allgemeinbereich (brutto) | G7: Hinweis
A8: 1 | B8: Wohnung | C8: Dr. Dehchamani Dadbeh | D8: 87 | E8: =D8/886 -> 0.098194131 | F8: =E8*$D$4 -> 1184.9243 | G8: kein Einzelfenstertausch → hier einzige Beteiligung
A9: 2 | B9: Wohnung | C9: Klaftenegger Katharina | D9: 71 | E9: =D9/886 -> 0.08013544 | F9: =E9*$D$4 -> 967.00718 | G9: bereits Teil der Einzelkosten-Aufteilung (Blatt 1)
A10: 3 | B10: Wohnung | C10: Dr. Klaftenegger Ilona | D10: 71 | E10: =D10/886 -> 0.08013544 | F10: =E10*$D$4 -> 967.00718 | G10: bereits Teil der Einzelkosten-Aufteilung (Blatt 1)
A11: 4 | B11: Wohnung | C11: Girtler Eveline | D11: 87 | E11: =D11/886 -> 0.098194131 | F11: =E11*$D$4 -> 1184.9243 | G11: bereits Teil der Einzelkosten-Aufteilung (Blatt 1)
A12: 5 | B12: Wohnung | C12: Tanil Johanna | D12: 79 | E12: =D12/886 -> 0.089164786 | F12: =E12*$D$4 -> 1075.9657 | G12: bereits Teil der Einzelkosten-Aufteilung (Blatt 1)
A13: 6 | B13: Wohnung/Lager | C13: Schöggl Christa & Schöggl Franz | D13: 64 | E13: =D13/886 -> 0.072234763 | F13: =E13*$D$4 -> 871.66844 | G13: bereits Teil der Einzelkosten-Aufteilung (Blatt 1)
A14: 7 | B14: Wohnung | C14: Dr. Birk Steffen / Birk Birgit | D14: 59 | E14: =D14/886 -> 0.066591422 | F14: =E14*$D$4 -> 803.56935 | G14: bereits Teil der Einzelkosten-Aufteilung (Blatt 1)
A15: 8 | B15: Wohnung | C15: Adamek Veronika und Werner | D15: 79 | E15: =D15/886 -> 0.089164786 | F15: =E15*$D$4 -> 1075.9657 | G15: bereits Teil der Einzelkosten-Aufteilung (Blatt 1)
A16: 9 | B16: Wohnung | C16: Univ.-Prof. Roller-Wirnsberger Dr. Regina | D16: 80 | E16: =D16/886 -> 0.090293454 | F16: =E16*$D$4 -> 1089.5856 | G16: bereits Teil der Einzelkosten-Aufteilung (Blatt 1)
A17: 10 | B17: Wohnung | C17: Dr. Neumeister Peter | D17: 62 | E17: =D17/886 -> 0.069977427 | F17: =E17*$D$4 -> 844.4288 | G17: bereits Teil der Einzelkosten-Aufteilung (Blatt 1)
A18: 11 | B18: Wohnung | C18: Mag. (FH) Brunnader Anita | D18: 62 | E18: =D18/886 -> 0.069977427 | F18: =E18*$D$4 -> 844.4288 | G18: bereits Teil der Einzelkosten-Aufteilung (Blatt 1)
A19: 12 | B19: Wohnung/Lager | C19: Jafferji Marita | D19: 85 | E19: =D19/886 -> 0.095936795 | F19: =E19*$D$4 -> 1157.6847 | G19: kein Einzelfenstertausch → hier einzige Beteiligung
A20: Summe | D20: =SUM(D8:D19) -> 886 | E20: =SUM(E8:E19) -> 1 | F20: =SUM(F8:F19) -> 12067.16
A22: Wichtige Hinweise / offene Fragen an HV
A23: • Der Allgemeinbereich-Betrag von 12.067,16 € stammt aus dem ursprünglichen Liebmarkt-Angebot, nicht aus einer tatsächlichen Rechnung.
A24: • Es ist von der HV zu klären, ob dieser Betrag im Gesamtbetrag von 113.747,21 € bereits enthalten ist oder zusätzlich anfällt.
A25: • Falls Allgemeinbereich im Gesamtbetrag enthalten ist: die Tops 2–11 zahlen ihren Anteil bereits über die Einzelkosten-Aufteilung mit; nur Top 1 und Top 12 wären dann separat heranzuziehen.
A26: • Falls Allgemeinbereich NICHT im Gesamtbetrag enthalten ist: alle 12 Tops zahlen den Allgemeinbereich-Anteil zusätzlich.
A27: • Ebenso ist offen, welcher Teil der Rücklagenentnahme (88.000 €) auf den Allgemeinbereich entfällt.

Sheet Variante 2 (Vorbehalt)
A1: Variante 2 (UNTER VORBEHALT) — Allgemeinbereich vollständig aus Rücklagen
A2: Annahme: Der Allgemeinbereich (12.067,16 €) wird zu 100 % aus den Rücklagen finanziert und ist im Gesamtbetrag 113.747,21 € bereits enthalten.
A3: Konsequenz: Top 1 und Top 12 leisten KEINERLEI Zahlung (auch nicht für Allgemeinbereich). Die genaue Aufteilung der Rücklagenentnahme ist von der HV noch zu bestätigen.
A5: Rechenkette (Vorbehalt)
A6: Liebmarkt-Gesamtbetrag (brutto) | B6: 113747.21 | C6: lt. HV-Tabelle
A7: Allgemeinbereich (Stiegenhaus + Hauseingangstüre) | B7: 12067.16 | C7: 100 % aus Rücklagen
A8: Anteil Einzelfenster (Gesamt minus Allgemeinbereich) | B8: =B6-B7 -> 101680.05 | C8: Gesamt minus Allgemeinbereich
A9: Rücklagen gesamt | B9: 88000 | C9: Beschluss WEG
A10: davon für Allgemeinbereich | B10: =B7 -> 12067.16 | C10: Rücklagen → Allgemeinbereich
A11: davon verbleibend für Einzelfenster | B11: =B9-B7 -> 75932.84 | C11: Rücklagen minus Allgemeinbereich
A12: Restbetrag Einzelfenster (anteilig auf 10 Tops) | B12: =B8-B11 -> 25747.21 | C12: Einzelfenster minus verbleibende Rücklagen
A14: Summe Mindestanteile der 10 Teilnehmer (Top 2–11) | E14: 714
A17: Top | B17: Eigentümer | C17: Mindestanteil (/886) | D17: Anteil unter den 10 Teiln. | E17: Neue Vorschreibung (Variante 2) | F17: Alte Sonder- vorschreibung | G17: Rückzahlung (+) / Nachforderung (−) | H17: Anmerkung
A18: 1 | B18: Dr. Dehchamani Dadbeh | C18: 87 | D18: — | E18: 0 | F18: 0 | G18: =F18-E18 -> 0 | H18: Keine Zahlung — Allgemeinbereich 100 % aus Rücklagen
A19: 2 | B19: Klaftenegger Katharina | C19: 71 | D19: =C19/$E$14 -> 0.099439776 | E19: =D19*$B$12 -> 2560.2968 | F19: 5874.19 | G19: =F19-E19 -> 3313.8932
A20: 3 | B20: Dr. Klaftenegger Ilona | C20: 71 | D20: =C20/$E$14 -> 0.099439776 | E20: =D20*$B$12 -> 2560.2968 | F20: 5874.19 | G20: =F20-E20 -> 3313.8932
A21: 4 | B21: Girtler Eveline | C21: 87 | D21: =C21/$E$14 -> 0.12184874 | E21: =D21*$B$12 -> 3137.2651 | F21: 10545.19 | G21: =F21-E21 -> 7407.9249
A22: 5 | B22: Tanil Johanna | C22: 79 | D22: =C22/$E$14 -> 0.11064426 | E22: =D22*$B$12 -> 2848.7809 | F22: 6536.07 | G22: =F22-E22 -> 3687.2891
A23: 6 | B23: Schöggl Christa & Schöggl Franz | C23: 64 | D23: =C23/$E$14 -> 0.089635854 | E23: =D23*$B$12 -> 2307.8732 | F23: 7757.38 | G23: =F23-E23 -> 5449.5068
A24: 7 | B24: Dr. Birk Steffen / Birk Birgit | C24: 59 | D24: =C24/$E$14 -> 0.082633053 | E24: =D24*$B$12 -> 2127.5706 | F24: 7151.34 | G24: =F24-E24 -> 5023.7694
A25: 8 | B25: Adamek Veronika und Werner | C25: 79 | D25: =C25/$E$14 -> 0.11064426 | E25: =D25*$B$12 -> 2848.7809 | F25: 6536.07 | G25: =F25-E25 -> 3687.2891
A26: 9 | B26: Univ.-Prof. Roller-Wirnsberger Dr. Regina | C26: 80 | D26: =C26/$E$14 -> 0.11204482 | E26: =D26*$B$12 -> 2884.8415 | F26: 6618.8 | G26: =F26-E26 -> 3733.9585
A27: 10 | B27: Dr. Neumeister Peter | C27: 62 | D27: =C27/$E$14 -> 0.086834734 | E27: =D27*$B$12 -> 2235.7521 | F27: 5000 | G27: =F27-E27 -> 2764.2479
A28: 11 | B28: Mag. (FH) Brunnader Anita | C28: 62 | D28: =C28/$E$14 -> 0.086834734 | E28: =D28*$B$12 -> 2235.7521 | F28: 7514.96 | G28: =F28-E28 -> 5279.2079
A29: 12 | B29: Jafferji Marita | C29: 85 | D29: — | E29: 0 | F29: 0 | G29: =F29-E29 -> 0 | H29: Keine Zahlung — Allgemeinbereich 100 % aus Rücklagen
A30: Summe | E30: =SUM(E18:E29) -> 25747.21 | F30: =SUM(F18:F29) -> 69408.19 | G30: =SUM(G18:G29) -> 43660.98
A32: Wichtige Hinweise (Vorbehalt)
A33: • Diese Variante steht unter dem Vorbehalt der Bestätigung durch die Hausverwaltung.
A34: • Annahme: Der Allgemeinbereich (12.067,16 €) wird vollständig aus den Rücklagen finanziert.
A35: • Annahme: Der Allgemeinbereich ist im Gesamtbetrag 113.747,21 € enthalten (nicht zusätzlich).
A36: • Beide Annahmen sind durch die HV ausdrücklich schriftlich zu bestätigen, da die genaue Verteilung der Rücklagenentnahme auf Allgemeinbereich vs. Einzelfenster aus den vorliegenden Unterlagen nicht eindeutig hervorgeht.
A37: • Rechnerisch ergeben sich für Top 2–11 dieselben neuen Vorschreibungen wie im Hauptblatt (jeweils 25.747,21 € auf 10 Tops). Unterschied: in dieser Variante zahlen Top 1 und Top 12 GAR NICHTS (auch nicht den Allgemeinbereich-Anteil).
A38: • Sollte sich nach Klärung herausstellen, dass der Allgemeinbereich NICHT vollständig aus Rücklagen finanziert wird, ist diese Variante nicht anwendbar — dann gilt das Hauptblatt (Allgemeinbereich anteilig auf alle 12 Tops, Top 1/12 zahlen 1.184,92 € bzw. 1.157,68 €).

Sheet Kontrolle
A1: Kontrollabgleich
A2: Position | B2: Betrag | C2: Hinweis
A3: Gesamtbetrag Liebmarkt (lt. HV) | B3: ='Neuberechnung Einzelkosten'!D6 -> 113747.21 | C3: Eingabe
A4: Entnahme Rücklagen | B4: ='Neuberechnung Einzelkosten'!D7 -> 88000 | C4: Beschluss WEG
A5: Restbetrag zur Aufteilung | B5: =B3-B4 -> 25747.21 | C5: Liebbau minus Rücklagen
A7: Summe neue Vorschreibungen Einzelkosten (Top 2–11) | B7: =SUM('Neuberechnung Einzelkosten'!I13:I24) -> 25747.21 | C7: muss gleich Restbetrag sein
A8: Differenz (Soll = 0) | B8: =B7-B5 -> 0 | C8: Plausibilitätscheck
A10: Summe alte Sondervorschreibungen (Top 2–11) | B10: =SUM('Neuberechnung Einzelkosten'!J13:J24) -> 69408.19 | C10: bisher eingezahlt
A11: Summe Rückzahlungen Einzelkosten (Soll) | B11: =SUM('Neuberechnung Einzelkosten'!K13:K24) -> 43660.98 | C11: alte VS minus neue VS
A12: Plausibilität: alte VS minus neue VS | B12: =B10-B7 -> 43660.98 | C12: muss gleich Summe Rückzahlungen sein
A13: Differenz (Soll = 0) | B13: =B12-B11 -> 0
A15: Allgemeinbereich (brutto) | B15: =Allgemeinbereich!D4 -> 12067.16 | C15: Angebotswert Liebmarkt
A16: Anteil Allgemeinbereich Top 1 | B16: =Allgemeinbereich!F8 -> 1184.9243
A17: Anteil Allgemeinbereich Top 12 | B17: =Allgemeinbereich!F19 -> 1157.6847
A18: Summe Anteile Top 1 + Top 12 (Allgemeinbereich) | B18: =B16+B17 -> 2342.6089 | C18: diese tragen Top 1/12 mit
A20: — Plausibilität Rechnungen vs. HV-Betrag —
A21: Tatsächliche Liebmarkt-Rechnungen (Top 2–11 brutto) | B21: =SUM('Neuberechnung Einzelkosten'!H13:H24) -> 51469.54 | C21: Summe der 10 vorliegenden Rechnungen
A22: zzgl. Allgemeinbereich (Angebotswert brutto) | B22: =Allgemeinbereich!D4 -> 12067.16 | C22: lt. HV-Angebot Liebmarkt
A23: Tatsächlich belegbarer Projektumfang | B23: =B21+B22 -> 63536.7 | C23: Summe aus Rechnungen + Allgemeinbereich
A24: Differenz HV-Gesamtbetrag minus belegbar | B24: =B3-B23 -> 50210.51 | C24: diese Differenz ist mit HV zu klären

Sheet Rechnungen Liebmarkt
A1: Übersicht Rechnungen Firma Liebmarkt GmbH
A2: Kundennummer 441939 · UID ATU28614602 · Fachberater Patrick Simbürger
A4: Top | B4: Eigentümer | C4: Rechnung Nr. | D4: Datum | E4: Netto (€) | F4: Brutto inkl. 20 % USt. (€)
A5: 1 | B5: Dr. Dehchamani Dadbeh | C5: — (keine Rechnung) | D5: — | E5: — | F5: —
A6: 2 | B6: Klaftenegger Katharina | C6: 23796064 | D6: 26.02.2026 | E6: 3302.91 | F6: 3963.49
A7: 3 | B7: Dr. Klaftenegger Ilona | C7: 23799562 | D7: 03.03.2026 | E7: 3409.19 | F7: 4091.03
A8: 4 | B8: Girtler Eveline | C8: 23796070 | D8: 26.02.2026 | E8: 5138.64 | F8: 6166.37
A9: 5 | B9: Tanil Johanna | C9: 23867312 | D9: 12.05.2026 | E9: 5710.39 | F9: 6852.47
A10: 6 | B10: Schöggl Christa & Schöggl Franz | C10: 23774424 | D10: 20.01.2026 | E10: 4022.91 | F10: 4827.49
A11: 7 | B11: Dr. Birk Steffen / Birk Birgit | C11: 23799547 | D11: 03.03.2026 | E11: 4253.75 | F11: 5104.5
A12: 8 | B12: Adamek Veronika und Werner | C12: 23799560 | D12: 03.03.2026 | E12: 5978.39 | F12: 7174.07
A13: 9 | B13: Univ.-Prof. Roller-Wirnsberger Dr. Regina | C13: 23799557 | D13: 03.03.2026 | E13: 4449.21 | F13: 5339.05
A14: 10 | B14: Dr. Neumeister Peter | C14: 23806953 | D14: 12.03.2026 | E14: 3312.95 | F14: 3975.54
A15: 11 | B15: Mag. (FH) Brunnader Anita | C15: 23799545 | D15: 03.03.2026 | E15: 3312.94 | F15: 3975.53
A16: 12 | B16: Jafferji Marita | C16: — (keine Rechnung) | D16: — | E16: — | F16: —
A17: Summe (Top 2–11) | E17: =SUMIF(E5:E16,">=0") -> 42891.28 | F17: =SUMIF(F5:F16,">=0") -> 51469.54
B19: zzgl. Allgemeinbereich (Stiegenhausfenster + Hauseingangstüre, Angebotswert) | E19: =12067.16/1.2 -> 10055.967 | F19: 12067.16
B20: Belegbares Projektvolumen (brutto) | F20: =F17+F19 -> 63536.7
B22: HV-Gesamtbetrag (zum Vergleich) | F22: 113747.21
B23: Differenz HV minus belegbar — Klärungsbedarf! | F23: =F22-F20 -> 50210.51
